4-mers,Decimal Value
AAAA,0
AAAT,1
AAAC,2
AAAG,3
AATA,4
AATT,5
AATC,6
AATG,7
AACA,8
AACT,9
AACC,10
AACG,11
AAGA,12
AAGT,13
AAGC,14
AAGG,15
ATAA,16
ATAT,17
ATAC,18
ATAG,19
ATTA,20
ATTT,21
ATTC,22
ATTG,23
ATCA,24
ATCT,25
ATCC,26
ATCG,27
ATGA,28
ATGT,29
ATGC,30
ATGG,31
ACAA,32
ACAT,33
ACAC,34
ACAG,35
ACTA,36
ACTT,37
ACTC,38
ACTG,39
ACCA,40
ACCT,41
ACCC,42
ACCG,43
ACGA,44
ACGT,45
ACGC,46
ACGG,47
AGAA,48
AGAT,49
AGAC,50
AGAG,51
AGTA,52
AGTT,53
AGTC,54
AGTG,55
AGCA,56
AGCT,57
AGCC,58
AGCG,59
AGGA,60
AGGT,61
AGGC,62
AGGG,63
TAAA,64
TAAT,65
TAAC,66
TAAG,67
TATA,68
TATT,69
TATC,70
TATG,71
TACA,72
TACT,73
TACC,74
TACG,75
TAGA,76
TAGT,77
TAGC,78
TAGG,79
TTAA,80
TTAT,81
TTAC,82
TTAG,83
TTTA,84
TTTT,85
TTTC,86
TTTG,87
TTCA,88
TTCT,89
TTCC,90
TTCG,91
TTGA,92
TTGT,93
TTGC,94
TTGG,95
TCAA,96
TCAT,97
TCAC,98
TCAG,99
TCTA,100
TCTT,101
TCTC,102
TCTG,103
TCCA,104
TCCT,105
TCCC,106
TCCG,107
TCGA,108
TCGT,109
TCGC,110
TCGG,111
TGAA,112
TGAT,113
TGAC,114
TGAG,115
TGTA,116
TGTT,117
TGTC,118
TGTG,119
TGCA,120
TGCT,121
TGCC,122
TGCG,123
TGGA,124
TGGT,125
TGGC,126
TGGG,127
CAAA,128
CAAT,129
CAAC,130
CAAG,131
CATA,132
CATT,133
CATC,134
CATG,135
CACA,136
CACT,137
CACC,138
CACG,139
CAGA,140
CAGT,141
CAGC,142
CAGG,143
CTAA,144
CTAT,145
CTAC,146
CTAG,147
CTTA,148
CTTT,149
CTTC,150
CTTG,151
CTCA,152
CTCT,153
CTCC,154
CTCG,155
CTGA,156
CTGT,157
CTGC,158
CTGG,159
CCAA,160
CCAT,161
CCAC,162
CCAG,163
CCTA,164
CCTT,165
CCTC,166
CCTG,167
CCCA,168
CCCT,169
CCCC,170
CCCG,171
CCGA,172
CCGT,173
CCGC,174
CCGG,175
CGAA,176
CGAT,177
CGAC,178
CGAG,179
CGTA,180
CGTT,181
CGTC,182
CGTG,183
CGCA,184
CGCT,185
CGCC,186
CGCG,187
CGGA,188
CGGT,189
CGGC,190
CGGG,191
GAAA,192
GAAT,193
GAAC,194
GAAG,195
GATA,196
GATT,197
GATC,198
GATG,199
GACA,200
GACT,201
GACC,202
GACG,203
GAGA,204
GAGT,205
GAGC,206
GAGG,207
GTAA,208
GTAT,209
GTAC,210
GTAG,211
GTTA,212
GTTT,213
GTTC,214
GTTG,215
GTCA,216
GTCT,217
GTCC,218
GTCG,219
GTGA,220
GTGT,221
GTGC,222
GTGG,223
GCAA,224
GCAT,225
GCAC,226
GCAG,227
GCTA,228
GCTT,229
GCTC,230
GCTG,231
GCCA,232
GCCT,233
GCCC,234
GCCG,235
GCGA,236
GCGT,237
GCGC,238
GCGG,239
GGAA,240
GGAT,241
GGAC,242
GGAG,243
GGTA,244
GGTT,245
GGTC,246
GGTG,247
GGCA,248
GGCT,249
GGCC,250
GGCG,251
GGGA,252
GGGT,253
GGGC,254
GGGG,255